{
  "violawake": {
    "cohens_d": 4.135578490968586,
    "roc_auc": 0.9870710784313725,
    "eer": 0.06306818181818181,
    "pos_mean": 0.8784026176470588,
    "pos_std": 0.23105757898115617,
    "neg_mean": 0.04965518484848485,
    "neg_std": 0.16409861272107384,
    "n_pos": 272,
    "n_neg": 330
  },
  "oww": {
    "cohens_d": 6.135756706462292,
    "roc_auc": 0.9839743589743589,
    "eer": 0.021184371184371185,
    "pos_mean": 0.9291391573018498,
    "pos_std": 0.15897943075804788,
    "neg_mean": 0.020543226556026892,
    "neg_std": 0.13631645486230823,
    "n_pos": 180,
    "n_neg": 546
  }
}