{
  "metadata": {
    "version": "2",
    "chunk_samples": 1280,
    "sample_rate": 16000,
    "n_voices": 20,
    "n_viola_pos": 180,
    "n_alexa_pos": 180,
    "n_negatives": 700,
    "neg_categories": {
      "adversarial_viola": 105,
      "adversarial_alexa": 105,
      "speech": 200,
      "speech_existing": 270,
      "noise": 20
    },
    "total_time_s": 159.77263641357422
  },
  "violawake": {
    "eer": 0.05492063492063492,
    "roc_auc": 0.9876984126984127,
    "pos_stats": {
      "mean": 0.9008586171600553,
      "std": 0.06447817867481256,
      "median": 0.9190477728843689,
      "q25": 0.8844254910945892,
      "q75": 0.9431838691234589,
      "min": 0.6119787693023682,
      "max": 0.9784912467002869
    },
    "neg_stats": {
      "mean": 0.17548814054046358,
      "std": 0.246991447692944,
      "median": 0.05654190480709076,
      "q25": 0.007606826722621918,
      "q75": 0.24076565355062485,
      "min": 4.1425228118896484e-06,
      "max": 0.9511972665786743
    },
    "far_at_frr": {
      "frr_1pct": 0.1,
      "frr_3pct": 0.06714285714285714,
      "frr_5pct": 0.054285714285714284,
      "frr_10pct": 0.041428571428571426
    },
    "frr_at_far": {
      "far_0p1pct": 0.6111111111111112,
      "far_0p5pct": 0.45,
      "far_1p0pct": 0.2833333333333333,
      "far_5p0pct": 0.05555555555555555
    }
  },
  "oww": {
    "eer": 0.08238095238095239,
    "roc_auc": 0.955452380952381,
    "pos_stats": {
      "mean": 0.9044438600540161,
      "std": 0.2122562676668167,
      "median": 0.9953945875167847,
      "q25": 0.9530131220817566,
      "q75": 0.9999992251396179,
      "min": 0.0012805461883544922,
      "max": 1.0
    },
    "neg_stats": {
      "mean": 0.08780742436647415,
      "std": 0.26581162214279175,
      "median": 2.6151537895202637e-05,
      "q25": 5.37186861038208e-06,
      "q75": 0.00033149123191833496,
      "min": 8.940696716308594e-08,
      "max": 1.0
    },
    "far_at_frr": {
      "frr_1pct": 0.15,
      "frr_3pct": 0.12,
      "frr_5pct": 0.08857142857142856,
      "frr_10pct": 0.08142857142857143
    },
    "frr_at_far": {
      "far_0p1pct": 0.8944444444444445,
      "far_0p5pct": 0.8944444444444445,
      "far_1p0pct": 0.8944444444444445,
      "far_5p0pct": 0.40555555555555556
    }
  }
}