{
  "d_prime": 2.067363770655967,
  "far_per_hour": 141.81818181818184,
  "frr": 0.2808988764044944,
  "roc_auc": 0.8683520599250936,
  "tp_mean": 0.6943187516894234,
  "fp_mean": 0.04965519462571,
  "n_positives": 356,
  "n_negatives": 330,
  "threshold_used": 0.5,
  "architecture": "mlp_on_oww",
  "optimal_threshold": 0.39,
  "optimal_far": 0.04242424242424243,
  "optimal_frr": 0.2696629213483146,
  "eer_approx": 0.1560435818862785,
  "confusion_matrix": {
    "tp": 256,
    "fp": 13,
    "tn": 317,
    "fn": 100,
    "precision": 0.9516728624535316,
    "recall": 0.7191011235955056,
    "f1": 0.8191999999999999
  },
  "tp_scores_summary": {
    "count": 356,
    "mean": 0.6943187516894234,
    "min": 0.0,
    "max": 1.0
  },
  "fp_scores_summary": {
    "count": 330,
    "mean": 0.04965519462571,
    "min": 0.0,
    "max": 0.9437405467033386
  }
}