{
  "experiment": "H_confusable_v2",
  "loss": "BCE",
  "seeds": [
    42,
    43,
    44
  ],
  "per_seed": [
    {
      "experiment": "H_confusable_v2_bce_s42",
      "all_eer": 0.1365,
      "all_auc": 0.9323,
      "all_dprime": 2.149,
      "all_frr_050": 0.2604,
      "trained_eer": 0.0162,
      "pos_mean": 0.7332,
      "neg_mean": 0.0437,
      "n_pos": 288,
      "n_neg": 546,
      "best_epoch": 27,
      "best_val_loss": 0.07925853970320894,
      "time": 47.0
    },
    {
      "experiment": "H_confusable_v2_bce_s43",
      "all_eer": 0.1322,
      "all_auc": 0.9238,
      "all_dprime": 2.201,
      "all_frr_050": 0.2535,
      "trained_eer": 0.0124,
      "pos_mean": 0.7356,
      "neg_mean": 0.0396,
      "n_pos": 288,
      "n_neg": 546,
      "best_epoch": 25,
      "best_val_loss": 0.07283385863736067,
      "time": 68.4
    },
    {
      "experiment": "H_confusable_v2_bce_s44",
      "all_eer": 0.1319,
      "all_auc": 0.9426,
      "all_dprime": 2.302,
      "all_frr_050": 0.2257,
      "trained_eer": 0.0235,
      "pos_mean": 0.7575,
      "neg_mean": 0.0553,
      "n_pos": 288,
      "n_neg": 546,
      "best_epoch": 11,
      "best_val_loss": 0.14275675190612838,
      "time": 58.2
    }
  ],
  "eer_mean": 0.1335,
  "eer_std": 0.0021,
  "auc_mean": 0.9329
}