{
  "model": "temporal_cnn",
  "corpus": "librispeech-test-clean",
  "total_hours": 5.4035,
  "total_files": 2618,
  "total_scores": 197872,
  "score_stats": {
    "min": 0.0,
    "max": 0.9668539762496948,
    "mean": 0.010990709642038259,
    "std": 0.04719906744129902,
    "p99": 0.20954725056886683,
    "p999": 0.6705696645975174
  },
  "faph": {
    "1-of-1": {
      "0.8": {
        "triggers": 40,
        "faph": 7.4,
        "timestamps": [
          927.0,
          1214.0,
          1274.5,
          1451.2,
          1460.3,
          1957.1,
          3511.2,
          3540.0,
          3543.2,
          3876.6,
          4522.1,
          6033.5,
          6356.4,
          6380.6,
          7884.5,
          9495.5,
          9535.0,
          9692.2,
          10148.0,
          10666.0,
          11159.0,
          11481.7,
          11847.7,
          12146.6,
          12282.9,
          14486.2,
          15231.5,
          15409.1,
          15871.2,
          16219.1,
          16516.5,
          17703.5,
          17791.9,
          18312.8,
          19031.8,
          19042.4,
          19194.3,
          19211.1,
          19309.6,
          19411.8
        ]
      },
      "0.85": {
        "triggers": 18,
        "faph": 3.33,
        "timestamps": [
          927.1,
          1451.2,
          1460.3,
          1957.2,
          3511.4,
          3543.3,
          3876.8,
          6356.4,
          6380.6,
          11159.0,
          11847.7,
          12146.6,
          12282.9,
          14486.2,
          15871.2,
          16219.1,
          16516.5,
          17791.9
        ]
      },
      "0.9": {
        "triggers": 6,
        "faph": 1.11,
        "timestamps": [
          1451.4,
          1957.2,
          6380.6,
          11159.2,
          11847.7,
          17791.9
        ]
      },
      "0.95": {
        "triggers": 1,
        "faph": 0.19,
        "timestamps": [
          11847.8
        ]
      }
    },
    "2-of-2": {
      "0.8": {
        "triggers": 17,
        "faph": 3.15,
        "timestamps": [
          927.1,
          1274.7,
          1451.4,
          1957.2,
          3511.4,
          3543.3,
          3876.8,
          4522.3,
          9495.7,
          11159.2,
          11847.8,
          12146.8,
          12283.0,
          14486.4,
          16516.7,
          17792.1,
          19309.7
        ]
      },
      "0.85": {
        "triggers": 5,
        "faph": 0.93,
        "timestamps": [
          1451.4,
          11159.2,
          11847.8,
          12283.0,
          17792.1
        ]
      },
      "0.9": {
        "triggers": 3,
        "faph": 0.56,
        "timestamps": [
          11159.3,
          11847.8,
          17792.1
        ]
      },
      "0.95": {
        "triggers": 1,
        "faph": 0.19,
        "timestamps": [
          11848.0
        ]
      }
    },
    "3-of-3": {
      "0.8": {
        "triggers": 5,
        "faph": 0.93,
        "timestamps": [
          3511.5,
          3876.9,
          11159.3,
          11848.0,
          17792.3
        ]
      },
      "0.85": {
        "triggers": 2,
        "faph": 0.37,
        "timestamps": [
          11159.3,
          11848.0
        ]
      },
      "0.9": {
        "triggers": 1,
        "faph": 0.19,
        "timestamps": [
          11848.0
        ]
      },
      "0.95": {
        "triggers": 1,
        "faph": 0.19,
        "timestamps": [
          11848.1
        ]
      }
    }
  }
}